,n_qubits,m_state,n_cnot_old,n_cnot_new,time_old,time_new
0,3,3,4,3,0.01062048299354501,0.0016128480056067929
1,4,4,7,5,1.4612804790085647,0.0022370630031218752
2,5,5,10,8,1.4005719080014387,0.003472276992397383
3,6,6,13,11,1.4114860339905135,0.004797439003596082
4,7,7,16,14,1.4475983919983264,0.006846592994406819
5,8,8,19,17,1.4245683869958157,0.010607189004076645
6,9,9,22,20,1.4259291140042478,0.01367062100325711
