,n_qubits,m_state,n_cnot_old,n_cnot_new,time_old,time_new
0,3,3,3,2,0.005460094995214604,0.0012572349951369688
1,4,4,6,4,1.301749075006228,0.0021600799955194816
2,5,5,8,6,2.147489384005894,0.002792108993162401
